{
  "note": "F1 限制器目标 LCFS 训练/调试参考",
  "reference_lcfs_points": [
    [
      0.2700001415434131,
      -0.0008336823818700587
    ],
    [
      0.27345202861711926,
      0.11267112624485723
    ],
    [
      0.284780425708985,
      0.230835470082709
    ],
    [
      0.3070860418642105,
      0.357973698362037
    ],
    [
      0.3465256519438714,
      0.49671990124671056
    ],
    [
      0.4128915379417683,
      0.6444843106826756
    ],
    [
      0.520870354050659,
      0.7794615828674817
    ],
    [
      0.684805262948273,
      0.7998906502594364
    ],
    [
      0.8440792355724521,
      0.7137308201758145
    ],
    [
      0.965777492751619,
      0.6109847720578434
    ],
    [
      1.0558417211067472,
      0.5104061821968615
    ],
    [
      1.121951858115617,
      0.41503208580320305
    ],
    [
      1.1697730534335236,
      0.32486013547920145
    ],
    [
      1.2033394617489328,
      0.23921632620330996
    ],
    [
      1.2255096603686364,
      0.15715997267044043
    ],
    [
      1.2382082061497304,
      0.07756344420856406
    ],
    [
      1.2424783776466912,
      -0.0008336823818700099
    ],
    [
      1.2386575252407623,
      -0.07932018409641012
    ],
    [
      1.2263301321118716,
      -0.15916718795777235
    ],
    [
      1.2043502921365157,
      -0.24155910623859259
    ],
    [
      1.1707254120581025,
      -0.32747985886752046
    ],
    [
      1.1225522856061312,
      -0.4175980538093091
    ],
    [
      1.05586941561857,
      -0.5121404074266465
    ],
    [
      0.9653982806210757,
      -0.6107457087018088
    ],
    [
      0.8440792355724522,
      -0.7115837083031626
    ],
    [
      0.6854369883092364,
      -0.7983821171678279
    ],
    [
      0.5215384478743152,
      -0.7795160264612129
    ],
    [
      0.413450128238259,
      -0.6453156859897196
    ],
    [
      0.3469451110250369,
      -0.4979678069292855
    ],
    [
      0.30737524725861687,
      -0.35944782225926375
    ],
    [
      0.2849605432918252,
      -0.2324282277008153
    ],
    [
      0.27353977887457237,
      -0.11432103639714947
    ]
  ],
  "reference_Ip_final": 200000.0
}
