{
  "shot_id": "13906_500",
  "note": "reference 来自 13906_500 目标位形；用于 F2a/F2b XPT 目标训练/调试参考",
  "reference_lcfs_points": [
    [
      0.30071442390024183,
      -0.0050300212545327915
    ],
    [
      0.30422140368285433,
      0.11535785700327998
    ],
    [
      0.31573875688805564,
      0.24089411353905127
    ],
    [
      0.33802858263007085,
      0.3767829919292505
    ],
    [
      0.3763485004347491,
      0.5280736167323135
    ],
    [
      0.4384233684728626,
      0.6999143502319775
    ],
    [
      0.5323867168360213,
      0.9052864334392886
    ],
    [
      0.7124577137936239,
      0.9853278294062765
    ],
    [
      0.9094521384215953,
      0.8422452700985831
    ],
    [
      1.0488856100617538,
      0.6959493772462456
    ],
    [
      1.1444115845190437,
      0.5622122601215975
    ],
    [
      1.2092630003119798,
      0.4436686423603239
    ],
    [
      1.252634965123854,
      0.33815280544772597
    ],
    [
      1.281146463292565,
      0.24332818646008517
    ],
    [
      1.2991435149621082,
      0.15638543204838828
    ],
    [
      1.3091798364002674,
      0.07448076145762594
    ],
    [
      1.3126182285376031,
      -0.005030021254532742
    ],
    [
      1.3098257122626493,
      -0.08466927666351119
    ],
    [
      1.300379366784778,
      -0.16695738114348702
    ],
    [
      1.2828328022194988,
      -0.2545150046164195
    ],
    [
      1.254467453825028,
      -0.3500453366579653
    ],
    [
      1.2107093505101303,
      -0.45589330091077374
    ],
    [
      1.1447295839514005,
      -0.5730400211730845
    ],
    [
      1.047664137586307,
      -0.6998686629409512
    ],
    [
      0.9094521384215954,
      -0.838153109875112
    ],
    [
      0.7139361326376249,
      -0.987955358474993
    ],
    [
      0.5335356796237263,
      -0.9125726344036144
    ],
    [
      0.4394349928538531,
      -0.7084603898628005
    ],
    [
      0.3771207974600983,
      -0.5373613622160301
    ],
    [
      0.33855885293242316,
      -0.38648871914996125
    ],
    [
      0.31606330276283734,
      -0.25081972474517045
    ],
    [
      0.30437587630427665,
      -0.12538717299752342
    ]
  ],
  "reference_rX": [
    0.7117510704684419,
    0.5963335988614331,
    0.5973768044632469,
    0.7114253180176938
  ],
  "reference_zX": [
    1.430000428562123,
    1.0444143739956304,
    -1.0492257989436502,
    -1.4144342955310052
  ],
  "reference_strike_r": [
    1.2331714162890948,
    0.7428999171638725,
    0.3280703613346861,
    0.2615546875,
    0.2615546875,
    0.31836383754952763,
    0.746314035634861,
    1.250232755143554
  ],
  "reference_strike_z": [
    1.6558730158730157,
    1.6558730158730157,
    1.6558730158730157,
    1.182108166109745,
    -1.1854782549997784,
    -1.655873015873016,
    -1.655873015873016,
    -1.655873015873016
  ],
  "reference_strike_valid": [
    1,
    1,
    1,
    1,
    1,
    1,
    1,
    1
  ],
  "n_strike_ref": 8,
  "nX_initial": 4,
  "reference_Ip_final": 400000.0,
  "reference_x_valid": [
    1,
    1,
    1,
    1
  ],
  "reference_nX": 4,
  "reference_n_strike": 8
}
